{"_type":"export","__export_format":4,"__export_date":"2024-09-16T22:57:12.789Z","__export_source":"insomnia.desktop.app:v10.0.0","resources":[{"_id":"req_a56315e7e52f49d9aac3be074f2e1a68","parentId":"fld_d8a98040c89345e584517f1a73ce75a0","modified":1726527213112,"created":1726527176727,"url":"{{ _.localhost }}/api/daw/requests/events","name":"Listar events","description":"","method":"GET","body":{},"parameters":[],"headers":[{"name":"User-Agent","value":"insomnia/10.0.0"}],"authentication":{},"metaSortKey":-1726527176727,"isPrivate":false,"pathParameters":[],"settingStoreCookies":true,"settingSendCookies":true,"settingDisableRenderRequestBody":false,"settingEncodeUrl":true,"settingRebuildPath":true,"settingFollowRedirects":"global","_type":"request"},{"_id":"fld_d8a98040c89345e584517f1a73ce75a0","parentId":"fld_ee032e17289444b4a13370fd87f74552","modified":1726527166690,"created":1726527166690,"name":"Events","description":"","environment":{},"environmentPropertyOrder":null,"metaSortKey":-1726527166690,"_type":"request_group"},{"_id":"fld_ee032e17289444b4a13370fd87f74552","parentId":"fld_79879a93db3541959dc13a06ef4a1b74","modified":1725407716620,"created":1725407716620,"name":"Trabalho1","description":"","environment":{},"environmentPropertyOrder":null,"metaSortKey":-1725407716620,"_type":"request_group"},{"_id":"fld_79879a93db3541959dc13a06ef4a1b74","parentId":"wrk_a75e6152d86f4933a18d23cdbe640a91","modified":1726527361150,"created":1725407651637,"name":"Faculdade","description":"","environment":{},"environmentPropertyOrder":null,"metaSortKey":-1725407651637,"_type":"request_group"},{"_id":"wrk_a75e6152d86f4933a18d23cdbe640a91","parentId":null,"modified":1723143814919,"created":1721681162351,"name":"Simples Dental","description":"","scope":"collection","_type":"workspace"},{"_id":"req_e8dbcdbae604405e99590207489f28ae","parentId":"fld_d8a98040c89345e584517f1a73ce75a0","modified":1726527216209,"created":1726527216209,"url":"{{ _.localhost }}/api/daw/requests/events","name":"Listar events por id","description":"","method":"GET","body":{},"parameters":[],"headers":[{"name":"User-Agent","value":"insomnia/10.0.0"}],"authentication":{},"metaSortKey":-1726527096742.5,"isPrivate":false,"pathParameters":[],"settingStoreCookies":true,"settingSendCookies":true,"settingDisableRenderRequestBody":false,"settingEncodeUrl":true,"settingRebuildPath":true,"settingFollowRedirects":"global","_type":"request"},{"_id":"req_e27175a5f9e449a1ac8874b82fbca564","parentId":"fld_d8a98040c89345e584517f1a73ce75a0","modified":1726527229014,"created":1726527225039,"url":"{{ _.localhost }}/api/daw/requests/events","name":"Criar events","description":"","method":"POST","body":{},"parameters":[],"headers":[{"name":"User-Agent","value":"insomnia/10.0.0"}],"authentication":{},"metaSortKey":-1726527056750.25,"isPrivate":false,"pathParameters":[],"settingStoreCookies":true,"settingSendCookies":true,"settingDisableRenderRequestBody":false,"settingEncodeUrl":true,"settingRebuildPath":true,"settingFollowRedirects":"global","_type":"request"},{"_id":"req_1e9e5364cb64422e90696ea3c622b4c1","parentId":"fld_d8a98040c89345e584517f1a73ce75a0","modified":1726527241087,"created":1726527238879,"url":"{{ _.localhost }}/api/daw/requests/events","name":"Alterar events","description":"","method":"PUT","body":{},"parameters":[],"headers":[{"name":"User-Agent","value":"insomnia/10.0.0"}],"authentication":{},"metaSortKey":-1726527036754.125,"isPrivate":false,"pathParameters":[],"settingStoreCookies":true,"settingSendCookies":true,"settingDisableRenderRequestBody":false,"settingEncodeUrl":true,"settingRebuildPath":true,"settingFollowRedirects":"global","_type":"request"},{"_id":"req_7b565416404e43d4b57338de73c90a91","parentId":"fld_d8a98040c89345e584517f1a73ce75a0","modified":1726527254311,"created":1726527250812,"url":"{{ _.localhost }}/api/daw/requests/events","name":"Deletar events","description":"","method":"DELETE","body":{},"parameters":[],"headers":[{"name":"User-Agent","value":"insomnia/10.0.0"}],"authentication":{},"metaSortKey":-1726527026756.0625,"isPrivate":false,"pathParameters":[],"settingStoreCookies":true,"settingSendCookies":true,"settingDisableRenderRequestBody":false,"settingEncodeUrl":true,"settingRebuildPath":true,"settingFollowRedirects":"global","_type":"request"},{"_id":"req_886bd87a356b44a5a756e3a4ad116e9e","parentId":"fld_27d7f859bd504fdcb1ef18e0f5a0f412","modified":1726527040873,"created":1726527016758,"url":"{{ _.localhost }}/api/daw/requests/appointments","name":"Listar appointments","description":"","method":"GET","body":{},"parameters":[],"headers":[{"name":"User-Agent","value":"insomnia/10.0.0"}],"authentication":{},"metaSortKey":-1726527016758,"isPrivate":false,"pathParameters":[],"settingStoreCookies":true,"settingSendCookies":true,"settingDisableRenderRequestBody":false,"settingEncodeUrl":true,"settingRebuildPath":true,"settingFollowRedirects":"global","_type":"request"},{"_id":"fld_27d7f859bd504fdcb1ef18e0f5a0f412","parentId":"fld_ee032e17289444b4a13370fd87f74552","modified":1726527126813,"created":1726527009117,"name":"Appointments","description":"","environment":{},"environmentPropertyOrder":null,"metaSortKey":-1726527009117,"_type":"request_group"},{"_id":"req_2e1b8cc511fc417fb3c49519a1a72483","parentId":"fld_27d7f859bd504fdcb1ef18e0f5a0f412","modified":1726527142963,"created":1726527139988,"url":"{{ _.localhost }}/api/daw/requests/appointments","name":"Deletar appointments","description":"","method":"DELETE","body":{},"parameters":[],"headers":[{"name":"User-Agent","value":"insomnia/10.0.0"}],"authentication":{},"metaSortKey":-1726527004332.5,"isPrivate":false,"pathParameters":[],"settingStoreCookies":true,"settingSendCookies":true,"settingDisableRenderRequestBody":false,"settingEncodeUrl":true,"settingRebuildPath":true,"settingFollowRedirects":"global","_type":"request"},{"_id":"req_fa4c0027ff284b94a10efbebbf6b09ae","parentId":"fld_27d7f859bd504fdcb1ef18e0f5a0f412","modified":1726527111830,"created":1726527102662,"url":"{{ _.localhost }}/api/daw/requests/appointments","name":"Criar appointments","description":"","method":"POST","body":{},"parameters":[],"headers":[{"name":"User-Agent","value":"insomnia/10.0.0"}],"authentication":{},"metaSortKey":-1726526991907,"isPrivate":false,"pathParameters":[],"settingStoreCookies":true,"settingSendCookies":true,"settingDisableRenderRequestBody":false,"settingEncodeUrl":true,"settingRebuildPath":true,"settingFollowRedirects":"global","_type":"request"},{"_id":"req_1bf4ec55cd874d75962aba91ae19d027","parentId":"fld_27d7f859bd504fdcb1ef18e0f5a0f412","modified":1726527123550,"created":1726527118213,"url":"{{ _.localhost }}/api/daw/requests/appointments","name":"Alterar appointments","description":"","method":"PUT","body":{},"parameters":[],"headers":[{"name":"User-Agent","value":"insomnia/10.0.0"}],"authentication":{},"metaSortKey":-1726526979481.5,"isPrivate":false,"pathParameters":[],"settingStoreCookies":true,"settingSendCookies":true,"settingDisableRenderRequestBody":false,"settingEncodeUrl":true,"settingRebuildPath":true,"settingFollowRedirects":"global","_type":"request"},{"_id":"req_2186fe305b474bd286a9279403ce53ff","parentId":"fld_27d7f859bd504fdcb1ef18e0f5a0f412","modified":1726527085260,"created":1726527085260,"url":"{{ _.localhost }}/api/daw/requests/appointments","name":"Listar appointments por ID","description":"","method":"GET","body":{},"parameters":[],"headers":[{"name":"User-Agent","value":"insomnia/10.0.0"}],"authentication":{},"metaSortKey":-1726526967056,"isPrivate":false,"pathParameters":[],"settingStoreCookies":true,"settingSendCookies":true,"settingDisableRenderRequestBody":false,"settingEncodeUrl":true,"settingRebuildPath":true,"settingFollowRedirects":"global","_type":"request"},{"_id":"req_f2494153c0c1431393c7866af2a6b34c","parentId":"fld_756812b986f642f0a5618b8347ba3707","modified":1726526943400,"created":1726526917354,"url":"{{ _.localhost }}/api/daw/requests/professionals","name":"Listar professionals","description":"","method":"GET","body":{},"parameters":[],"headers":[{"name":"User-Agent","value":"insomnia/10.0.0"}],"authentication":{},"metaSortKey":-1726526917354,"isPrivate":false,"pathParameters":[],"settingStoreCookies":true,"settingSendCookies":true,"settingDisableRenderRequestBody":false,"settingEncodeUrl":true,"settingRebuildPath":true,"settingFollowRedirects":"global","_type":"request"},{"_id":"fld_756812b986f642f0a5618b8347ba3707","parentId":"fld_ee032e17289444b4a13370fd87f74552","modified":1726526912997,"created":1726526912997,"name":"Professionals","description":"","environment":{},"environmentPropertyOrder":null,"metaSortKey":-1726526912997,"_type":"request_group"},{"_id":"req_f5e9d3ec7a72411287738143c0fa24bf","parentId":"fld_756812b986f642f0a5618b8347ba3707","modified":1726526947378,"created":1726526947378,"url":"{{ _.localhost }}/api/daw/requests/professionals","name":"Listar professionals por id","description":"","method":"GET","body":{},"parameters":[],"headers":[{"name":"User-Agent","value":"insomnia/10.0.0"}],"authentication":{},"metaSortKey":-1726526647644.5,"isPrivate":false,"pathParameters":[],"settingStoreCookies":true,"settingSendCookies":true,"settingDisableRenderRequestBody":false,"settingEncodeUrl":true,"settingRebuildPath":true,"settingFollowRedirects":"global","_type":"request"},{"_id":"req_1c7b2b9d6b804530962f63ea3c10da42","parentId":"fld_756812b986f642f0a5618b8347ba3707","modified":1726526966586,"created":1726526954391,"url":"{{ _.localhost }}/api/daw/requests/professionals","name":"Criar professionals","description":"","method":"POST","body":{},"parameters":[],"headers":[{"name":"User-Agent","value":"insomnia/10.0.0"}],"authentication":{},"metaSortKey":-1726526512789.75,"isPrivate":false,"pathParameters":[],"settingStoreCookies":true,"settingSendCookies":true,"settingDisableRenderRequestBody":false,"settingEncodeUrl":true,"settingRebuildPath":true,"settingFollowRedirects":"global","_type":"request"},{"_id":"req_7059cccc3c1e4d799dd2dbda4972ace8","parentId":"fld_756812b986f642f0a5618b8347ba3707","modified":1726526980090,"created":1726526976975,"url":"{{ _.localhost }}/api/daw/requests/professionals","name":"Alterar professionals","description":"","method":"PUT","body":{},"parameters":[],"headers":[{"name":"User-Agent","value":"insomnia/10.0.0"}],"authentication":{},"metaSortKey":-1726526445362.375,"isPrivate":false,"pathParameters":[],"settingStoreCookies":true,"settingSendCookies":true,"settingDisableRenderRequestBody":false,"settingEncodeUrl":true,"settingRebuildPath":true,"settingFollowRedirects":"global","_type":"request"},{"_id":"req_0ee61548dce545dfa9b86e6831bb8131","parentId":"fld_756812b986f642f0a5618b8347ba3707","modified":1726526991976,"created":1726526988744,"url":"{{ _.localhost }}/api/daw/requests/professionals","name":"Deletar professionals","description":"","method":"DELETE","body":{},"parameters":[],"headers":[{"name":"User-Agent","value":"insomnia/10.0.0"}],"authentication":{},"metaSortKey":-1726526411648.6875,"isPrivate":false,"pathParameters":[],"settingStoreCookies":true,"settingSendCookies":true,"settingDisableRenderRequestBody":false,"settingEncodeUrl":true,"settingRebuildPath":true,"settingFollowRedirects":"global","_type":"request"},{"_id":"req_9bb9d9a8b9044e7ca01b0c808b4229ca","parentId":"fld_45478a648fad494aa91e0cf9e65aa956","modified":1726526411445,"created":1726526377935,"url":"{{ _.localhost }}/api/daw/requests/students","name":"Listar  sstudents","description":"","method":"GET","body":{},"parameters":[],"headers":[{"name":"User-Agent","value":"insomnia/10.0.0"}],"authentication":{},"metaSortKey":-1726526377935,"isPrivate":false,"pathParameters":[],"settingStoreCookies":true,"settingSendCookies":true,"settingDisableRenderRequestBody":false,"settingEncodeUrl":true,"settingRebuildPath":true,"settingFollowRedirects":"global","_type":"request"},{"_id":"fld_45478a648fad494aa91e0cf9e65aa956","parentId":"fld_ee032e17289444b4a13370fd87f74552","modified":1726526371116,"created":1726526371116,"name":"Students","description":"","environment":{},"environmentPropertyOrder":null,"metaSortKey":-1726526371116,"_type":"request_group"},{"_id":"req_4e9dec2b8ff840999d7722822c0241ac","parentId":"fld_45478a648fad494aa91e0cf9e65aa956","modified":1726526744114,"created":1726526422013,"url":"{{ _.localhost }}/api/daw/requests/students/66e8b50076273a686d13ba13","name":"Listar  sstudents por id","description":"","method":"GET","body":{},"parameters":[],"headers":[{"name":"User-Agent","value":"insomnia/10.0.0"}],"authentication":{},"metaSortKey":-1726525996278,"isPrivate":false,"pathParameters":[],"settingStoreCookies":true,"settingSendCookies":true,"settingDisableRenderRequestBody":false,"settingEncodeUrl":true,"settingRebuildPath":true,"settingFollowRedirects":"global","_type":"request"},{"_id":"req_81b5609e179249a98b3a82f9df40b073","parentId":"fld_45478a648fad494aa91e0cf9e65aa956","modified":1726526718209,"created":1726526432707,"url":"{{ _.localhost }}/api/daw/requests/students","name":"Criar  sstudents","description":"","method":"POST","body":{"mimeType":"application/json","text":"{\n\t\"name\": \"Victor\",\n\t\"age\": 18,\n\t\"parents\": \"Veio\",\n\t\"phone_number\": \"48999999999\",\n\t\"special_needs\": \"Não\",\n\t\"status\": true\n}"},"parameters":[],"headers":[{"name":"Content-Type","value":"application/json"},{"name":"User-Agent","value":"insomnia/10.0.0"}],"authentication":{},"metaSortKey":-1726525805449.5,"isPrivate":false,"pathParameters":[],"settingStoreCookies":true,"settingSendCookies":true,"settingDisableRenderRequestBody":false,"settingEncodeUrl":true,"settingRebuildPath":true,"settingFollowRedirects":"global","_type":"request"},{"_id":"req_d3433ab8746142e3b354ea7d1a8f6216","parentId":"fld_45478a648fad494aa91e0cf9e65aa956","modified":1726526777473,"created":1726526443513,"url":"{{ _.localhost }}/api/daw/requests/students/66e8b50076273a686d13ba13","name":"Alterar students","description":"","method":"PUT","body":{"mimeType":"application/json","text":"{\n\t\"name\": \"Victor\",\n\t\"age\": 18,\n\t\"parents\": \"Veio da saa\",\n\t\"phone_number\": \"48999999999\",\n\t\"special_needs\": \"Não\",\n\t\"status\": true\n}"},"parameters":[],"headers":[{"name":"Content-Type","value":"application/json"},{"name":"User-Agent","value":"insomnia/10.0.0"}],"authentication":{},"metaSortKey":-1726525710035.25,"isPrivate":false,"pathParameters":[],"settingStoreCookies":true,"settingSendCookies":true,"settingDisableRenderRequestBody":false,"settingEncodeUrl":true,"settingRebuildPath":true,"settingFollowRedirects":"global","_type":"request"},{"_id":"req_688033d86d8f4e7b8622d8e91ab73f34","parentId":"fld_45478a648fad494aa91e0cf9e65aa956","modified":1726526796022,"created":1726526452038,"url":"{{ _.localhost }}/api/daw/requests/students/66e8b50076273a686d13ba13","name":"Deletar students","description":"","method":"DELETE","body":{},"parameters":[],"headers":[{"name":"User-Agent","value":"insomnia/10.0.0"}],"authentication":{},"metaSortKey":-1726525662328.125,"isPrivate":false,"pathParameters":[],"settingStoreCookies":true,"settingSendCookies":true,"settingDisableRenderRequestBody":false,"settingEncodeUrl":true,"settingRebuildPath":true,"settingFollowRedirects":"global","_type":"request"},{"_id":"req_4c404800a49f40cfa5817dac1293feab","parentId":"fld_05ac949b40da492aa32ecd156d1705ac","modified":1726525659667,"created":1726525614621,"url":"{{ _.localhost }}/api/daw/requests/teachers","name":"Listar teachers","description":"","method":"GET","body":{},"parameters":[],"headers":[{"name":"User-Agent","value":"insomnia/10.0.0"}],"authentication":{},"metaSortKey":-1726525614621,"isPrivate":false,"pathParameters":[],"settingStoreCookies":true,"settingSendCookies":true,"settingDisableRenderRequestBody":false,"settingEncodeUrl":true,"settingRebuildPath":true,"settingFollowRedirects":"global","_type":"request"},{"_id":"fld_05ac949b40da492aa32ecd156d1705ac","parentId":"fld_ee032e17289444b4a13370fd87f74552","modified":1726525610316,"created":1726525610316,"name":"Teacher","description":"","environment":{},"environmentPropertyOrder":null,"metaSortKey":-1726525610316,"_type":"request_group"},{"_id":"req_402fd45255f643a58dd59e5c68f65ae0","parentId":"fld_05ac949b40da492aa32ecd156d1705ac","modified":1726526225095,"created":1726525712766,"url":"{{ _.localhost }}/api/daw/requests/teachers/66e8b2f1198a443c3c92d6ef","name":"Alterar teachers","description":"","method":"PUT","body":{"mimeType":"application/json","text":"{\n\t\"name\": \"Bernardo feio\",\n\t\"school_disciplines\": \"Desenvolvimento WEB\",\n\t\"contact\": \"bernardo@unesc.net\",\n\t\"phone_number\": \"48999999999\",\n\t\"status\": true\n}"},"parameters":[],"headers":[{"name":"Content-Type","value":"application/json"},{"name":"User-Agent","value":"insomnia/10.0.0"}],"authentication":{},"metaSortKey":-1726412476183.25,"isPrivate":false,"pathParameters":[],"settingStoreCookies":true,"settingSendCookies":true,"settingDisableRenderRequestBody":false,"settingEncodeUrl":true,"settingRebuildPath":true,"settingFollowRedirects":"global","_type":"request"},{"_id":"req_64be2529fac647e1907950eb46ea8e5a","parentId":"fld_05ac949b40da492aa32ecd156d1705ac","modified":1726526248748,"created":1726525754803,"url":"{{ _.localhost }}/api/daw/requests/teachers/66e8b2f1198a443c3c92d6ef","name":"Delete teachers","description":"","method":"DELETE","body":{},"parameters":[],"headers":[{"name":"User-Agent","value":"insomnia/10.0.0"}],"authentication":{},"metaSortKey":-1726355906964.375,"isPrivate":false,"pathParameters":[],"settingStoreCookies":true,"settingSendCookies":true,"settingDisableRenderRequestBody":false,"settingEncodeUrl":true,"settingRebuildPath":true,"settingFollowRedirects":"global","_type":"request"},{"_id":"req_2f1ebeb9772c423aa9ae16e5b8f089bc","parentId":"fld_05ac949b40da492aa32ecd156d1705ac","modified":1726526061942,"created":1726525681262,"url":"{{ _.localhost }}/api/daw/requests/teachers/66e8b255198a443c3c92d6eb","name":"Listar teachers por ID","description":"","method":"GET","body":{},"parameters":[],"headers":[{"name":"User-Agent","value":"insomnia/10.0.0"}],"authentication":{},"metaSortKey":-1726299337745.5,"isPrivate":false,"pathParameters":[],"settingStoreCookies":true,"settingSendCookies":true,"settingDisableRenderRequestBody":false,"settingEncodeUrl":true,"settingRebuildPath":true,"settingFollowRedirects":"global","_type":"request"},{"_id":"req_5132d12e88584aeaa907baa4c4f8df3b","parentId":"fld_05ac949b40da492aa32ecd156d1705ac","modified":1726526185318,"created":1726525695994,"url":"{{ _.localhost }}/api/daw/requests/teachers","name":"Criar teacher","description":"","method":"POST","body":{"mimeType":"application/json","text":"{\n\t\"name\": \"Bernardo\",\n\t\"school_disciplines\": \"Desenvolvimento WEB\",\n\t\"contact\": \"bernardo@unesc.net\",\n\t\"phone_number\": \"48999999999\",\n\t\"status\": true\n}"},"parameters":[],"headers":[{"name":"Content-Type","value":"application/json"},{"name":"User-Agent","value":"insomnia/10.0.0"}],"authentication":{},"metaSortKey":-1726186199307.75,"isPrivate":false,"pathParameters":[],"settingStoreCookies":true,"settingSendCookies":true,"settingDisableRenderRequestBody":false,"settingEncodeUrl":true,"settingRebuildPath":true,"settingFollowRedirects":"global","_type":"request"},{"_id":"req_6ac9af7649304bd3b5fb5d2366491ab3","parentId":"fld_1edf63fd47144c68aaafbc895101e95d","modified":1726525549180,"created":1726073060870,"url":"{{ _.localhost }}/api/daw/requests/users/login","name":"Login","description":"","method":"POST","body":{"mimeType":"application/json","text":"{\n\t\"email\": \"neymarjr@gmail.com\",\n\t\"pass\": \"teste123\"\n}"},"parameters":[],"headers":[{"name":"Content-Type","value":"application/json"},{"name":"User-Agent","value":"insomnia/10.0.0"}],"authentication":{},"metaSortKey":-1726073060870,"isPrivate":false,"pathParameters":[],"settingStoreCookies":true,"settingSendCookies":true,"settingDisableRenderRequestBody":false,"settingEncodeUrl":true,"settingRebuildPath":true,"settingFollowRedirects":"global","_type":"request"},{"_id":"fld_1edf63fd47144c68aaafbc895101e95d","parentId":"fld_ee032e17289444b4a13370fd87f74552","modified":1726073059973,"created":1725407811940,"name":"Users","description":"","environment":{},"environmentPropertyOrder":null,"metaSortKey":-1725407811940,"_type":"request_group"},{"_id":"req_c60a431f822644bc90e97212fb00ead1","parentId":"fld_1edf63fd47144c68aaafbc895101e95d","modified":1726073078524,"created":1726073033659,"url":"{{ _.localhost }}/api/daw/requests/users/66d70af53b1beb9b823c588a","name":"Deletar usuário","description":"","method":"DELETE","body":{},"parameters":[],"headers":[{"name":"User-Agent","value":"insomnia/10.0.0"}],"authentication":{},"metaSortKey":-1726073033659,"isPrivate":false,"pathParameters":[],"settingStoreCookies":true,"settingSendCookies":true,"settingDisableRenderRequestBody":false,"settingEncodeUrl":true,"settingRebuildPath":true,"settingFollowRedirects":"global","_type":"request"},{"_id":"req_4b32e4ffdc6a4b9eb1c92d9f8f3d6374","parentId":"fld_1edf63fd47144c68aaafbc895101e95d","modified":1726073004231,"created":1726072807687,"url":"{{ _.localhost }}/api/daw/requests/users/66d70af53b1beb9b823c588a","name":"Altera usuário","description":"","method":"PUT","body":{"mimeType":"application/json","text":"{\n\t\"name\": \"Victor Antonio\",\n\t\"user\": \"victor.antonio\",\n\t\"email\": \"victor@gmail.com\",\n\t\"pwd\": \"testeUpdate\",\n\t\"level\": \"admin\",\n\t\"status\": false\n}"},"parameters":[],"headers":[{"name":"Content-Type","value":"application/json"},{"name":"User-Agent","value":"insomnia/10.0.0"}],"authentication":{},"metaSortKey":-1726072807687,"isPrivate":false,"pathParameters":[],"settingStoreCookies":true,"settingSendCookies":true,"settingDisableRenderRequestBody":false,"settingEncodeUrl":true,"settingRebuildPath":true,"settingFollowRedirects":"global","_type":"request"},{"_id":"req_20288fe8a4724b8f85cb72ab3d746322","parentId":"fld_1edf63fd47144c68aaafbc895101e95d","modified":1725917410859,"created":1725408317128,"url":"{{ _.localhost }}/api/daw/requests/users/66d7a3ee50b65b60af5e3d5f","name":"Lista usuários por ID","description":"","method":"GET","body":{},"parameters":[],"headers":[{"name":"User-Agent","value":"insomnia/9.3.3"}],"authentication":{},"metaSortKey":-1725408317128,"isPrivate":false,"pathParameters":[],"settingStoreCookies":true,"settingSendCookies":true,"settingDisableRenderRequestBody":false,"settingEncodeUrl":true,"settingRebuildPath":true,"settingFollowRedirects":"global","_type":"request"},{"_id":"req_2e7f7da4e7e14b698622f0d29ae31c7b","parentId":"fld_1edf63fd47144c68aaafbc895101e95d","modified":1725408359700,"created":1725408285736,"url":"{{ _.localhost }}/api/daw/requests/users","name":"Listar usuários","description":"","method":"GET","body":{},"parameters":[],"headers":[{"name":"User-Agent","value":"insomnia/9.3.3"}],"authentication":{},"metaSortKey":-1725408285736,"isPrivate":false,"pathParameters":[],"settingStoreCookies":true,"settingSendCookies":true,"settingDisableRenderRequestBody":false,"settingEncodeUrl":true,"settingRebuildPath":true,"settingFollowRedirects":"global","_type":"request"},{"_id":"req_daa95e766c0d4c2dba755e6cc0684aab","parentId":"fld_1edf63fd47144c68aaafbc895101e95d","modified":1726073202142,"created":1725407796800,"url":"{{ _.localhost }}/api/daw/requests/users","name":"Criar usuários","description":"","method":"POST","body":{"mimeType":"application/json","text":"{\n\t\"name\": \"Neymar JR\",\n\t\"user\": \"neymar.jr\",\n\t\"email\": \"neymarjr@gmail.com\",\n\t\"pwd\": \"teste123\",\n\t\"level\": \"admin\",\n\t\"status\": true\n}"},"parameters":[],"headers":[{"name":"Content-Type","value":"application/json"},{"name":"User-Agent","value":"insomnia/9.3.3"}],"authentication":{},"metaSortKey":-1725407818709,"isPrivate":false,"pathParameters":[],"settingStoreCookies":true,"settingSendCookies":true,"settingDisableRenderRequestBody":false,"settingEncodeUrl":true,"settingRebuildPath":true,"settingFollowRedirects":"global","_type":"request"},{"_id":"env_b93fbfe4ef9eab9688a0e8a4c171cec85aeded59","parentId":"wrk_a75e6152d86f4933a18d23cdbe640a91","modified":1725997182112,"created":1721681162353,"name":"Base Environment","data":{"local":"http://localhost:9000","sbx-db01":"https://un-256-des-clb.api.sbx.simplesdental.com","sbx-db02":"https://un-124-prof-email.api.sbx.simplesdental.com","sbx-master":"https://api.sbx.simplesdental.com","prod":"https://api.sbx.simplesdental.com","api_url_simples_dental":"{{ _.local }}","token":"98kAHNoHO4GNQ5v2LPKbkX3D1WkEEdAC8MBfaiOS34OOodZPscGVWGDKNvslZNeS","localhost":"http://localhost:8080"},"dataPropertyOrder":{"&":["local","sbx-db01","sbx-db02","sbx-master","prod","api_url_simples_dental","token","localhost"]},"color":null,"isPrivate":false,"metaSortKey":1721681162353,"_type":"environment"},{"_id":"jar_b93fbfe4ef9eab9688a0e8a4c171cec85aeded59","parentId":"wrk_a75e6152d86f4933a18d23cdbe640a91","modified":1725997182111,"created":1723143814945,"name":"Default Jar","cookies":[],"_type":"cookie_jar"}]}